Customer Name,Invoice Number,Liters,Area,Date,Status
MAHAVIR AND CO,3839112700758,180,SHILLONG,29/09/2026,Not Deliver
MONDIL,3839112700752,196,WEST KHASI,29/09/2026,Not Deliver
LUMSHNONG FUELS,3839112700751,100,JAINTIA,29/09/2026,Not Deliver
K RYMBAI AND CO,3839112700750,120,JAINTIA,29/09/2026,Not Deliver
DKHIAH SER STN,3839112700749,200,JAINTIA,29/09/2026,Not Deliver
ASSAM AUTO AGENCY LM,3839112700748,210,SHILLONG,29/09/2026,Not Deliver
NANGKYRSOI FUEL,3839112700747,105,POLO,29/09/2026,Not Deliver
BILSINA PASSAH REFILL,3839112700437,1050,SHILLONG,28/07/2026,Not Deliver
BILSINA PASSAH,Bill 303 HYDRA SHAKTI 10 BUC,200,SHILLONG,29/06/2026,Not Deliver
THABAH SER STATION NOT OPEN,3839112600866,511,NOT OPEN,31/03/2026,Not Deliver
THABAH SER STATION NOT OPEN,3839112600874,20,NOT OPEN,31/03/2026,Not Deliver
BAMON FILLING,3839112700542,210,BHOI,28/08/2026,Not Deliver
CHERRA MIDWAY FILL,3839112700633,40,SOHRA,31/08/2026,Not Deliver